ID,First Name,Last Name,Money Available,Tickets Purchased,TicketMiner Membership,Username,Password
1,Mickey,Mouse,3793.7,0,true,mickeymouse,Fun!23
2,Donald,Duck,5776.87,0,false,donaldduck,Fun!23
3,Minnie,Mouse,4195.46,0,false,minniemouse,Fun!23
4,Goofy,Disney,4708.57,0,true,goofydisney,Fun!23
5,Pluto,Disney,2382.5,0,true,plutodisney,Fun!23
6,Chip,Disney,5032.99,0,false,chipdisney,Fun!23
7,Dale,Disney,5463.59,0,true,daledisney,Fun!23
8,Cinderella,Disney,5015.21,0,false,cinderelladisney,Fun!23
9,Ariel,Disney,4047.8,0,false,arieldisney,Fun!23
10,Jasmine,Disney,5378.21,0,true,jasminedisney,Fun!23
11,Aladdin,Disney,1461.88,0,false,aladdindisney,Fun!23
12,Simba,Disney,813.54,0,false,simbadisney,Fun!23
13,Mufassa,Disney,3453.48,0,true,mufassadisney,Fun!23
14,Aurora,Disney,1171.81,0,false,auroradisney,Fun!23
15,Peter,Pan,4119.94,0,true,peterpan,Fun!23
16,Woody,Disney,2515.68,0,true,woodydisney,Fun!23
17,Buzz,Lightyear,1602.37,0,true,buzzlightyear,Fun!23
18,Jafar,Aladdin,2238.86,0,true,jafaraladdin,Fun!23
19,Ursela,Mermaid,4179.3,0,false,urselamermaid,Fun!23
20,Beast,Disney,879.71,0,true,beastdisney,Fun!23
21,Belle,Disney,5705.06,0,true,belledisney,Fun!23
22,Cruella,DeVil,1632.59,0,true,cruelladevil,Fun!23
23,Scar,Lion,5586.57,0,true,scarlion,Fun!23
24,Simba,King,2927.92,0,false,simbaking,Fun!23
25,Gaston,Disney,2278.85,0,false,gastondisney,Fun!23
26,Shere,Khan,1682.67,0,false,sherekhan,Fun!23
27,Captaiin,Hook,1891.36,0,true,captaiinhook,Fun!23
28,Kaa,Disney,1247.22,0,false,kaadisney,Fun!23
29,Evil,Queen,1285,0,true,evilqueen,Fun!23
30,Pinocchio,Disney,1111.79,0,true,pinocchiodisney,Fun!23
31,Prince,Eric,1101.54,0,false,princeeric,Fun!23
32,Quasimodo,Disney,2426.48,0,true,quasimododisney,Fun!23
33,Hercules,Disney,3411,0,true,herculesdisney,Fun!23
34,Mulan,Disney,3998.14,0,false,mulandisney,Fun!23
35,Lilo,Disney,2383.44,0,false,lilodisney,Fun!23
36,Stitch,Disney,842.39,0,true,stitchdisney,Fun!23
37,Daniel,Mejia,1604.26,0,true,danielmejia,Fun!23
38,Alireza,Nouri,1141.33,0,true,alirezanouri,Fun!23
39,Isabella,Gaytan,4965.6,0,false,isabellagaytan,Fun!23
40,Alondra,Gonzalez,5089.18,0,false,alondragonzalez,Fun!23
41,Angel,Aguayo,928.25,0,true,aguayoangel,Fun!23
42,Cesar,Alvarez,1035.68,0,false,alvarezcesar,Fun!23
43,Javier,Aranda,1053.61,0,false,arandajavier,Fun!23
44,Rafael,Ayala,4711.88,0,false,ayalarafael,Fun!23
45,Raul,BaezRamirez,2217.45,0,true,baezramirezraul,Fun!23
46,Alondra,Baquier,5935.93,0,false,baquieralondra,Fun!23
47,Darien,Booth,1045.19,0,true,boothdarien,Fun!23
48,Gabriela,Canizales,1921.72,0,true,canizalesgabriela,Fun!23
49,Steven,Carrillo,4520.5,0,false,carrillosteven,Fun!23
50,Bungein,Cheng,5580.2,0,false,chengbungein,Fun!23
51,Valeria,Contreras,1820.36,0,false,contrerasvaleria,Fun!23
52,Cesar,DiazCaraveo,1379.95,0,true,diazcaraveocesar,Fun!23
53,Hector,Diaz,5396.94,0,false,diazhector,Fun!23
54,Marco,GarciaFernandez,5330.65,0,false,garciafernandezmarco,Fun!23
55,Christian,Garcia,5199.95,0,true,garciachristian,Fun!23
56,Isabella,Garcia,873.33,0,false,garciaisabella,Fun!23
57,Jorge,Garcia,2397.24,0,true,garciajorge,Fun!23
58,Eric,Gardea,5239.1,0,true,gardeaeric,Fun!23
59,Derek,Gomez,3742.34,0,true,gomezderek,Fun!23
60,Maria,Gonzalez,3322.45,0,true,gonzalezmaria,Fun!23
61,Kevin,Guerra,3578.24,0,true,guerrakevin,Fun!23
62,Ian,Gutierrez,3338.16,0,false,gutierrezian,Fun!23
63,Alan,Holguin,2982.55,0,false,holguinalan,Fun!23
64,Jazmin,Huerta,4134.07,0,true,huertajazmin,Fun!23
65,Michael,Ike,5603.26,0,true,ikemichael,Fun!23
66,Jorge,Jaquez,2361.56,0,false,jaquezjorge,Fun!23
67,Roberto,Johnson,3015.77,0,true,johnsonroberto,Fun!23
68,Kimberly,Kocian,5492.39,0,false,kociankimberly,Fun!23
69,Erik,Laneave,5039.86,0,true,laneaveerik,Fun!23
70,Devin,Lara,1094.76,0,false,laradevin,Fun!23
71,Caleb,Lopez,1956.2,0,true,lopezcaleb,Fun!23
72,Claire,Macdonald,5116.64,0,false,macdonaldclaire,Fun!23
73,Sebastian,Mercado,5336.81,0,true,mercadosebastian,Fun!23
74,Natalia,MestaValenzuela,5629.39,0,false,mestavalenzuelanatalia,Fun!23
75,Christin,Moreno,3659.85,0,true,morenochristin,Fun!23
76,Saeefa,Nowmi,1284.51,0,false,nowmisaeefa,Fun!23
77,Christian,Odom,1891.53,0,true,odomchristian,Fun!23
78,Marko,Padilla,806.8,0,false,padillamarko,Fun!23
79,Raul,Pallares,4295.4,0,true,pallaresraul,Fun!23
80,Diego,Pedraza,877.32,0,false,pedrazadiego,Fun!23
81,Anaiah,Quinn,1930.45,0,false,quinnanaiah,Fun!23
82,Luis,Quinones,4135.06,0,true,quinonesluis,Fun!23
83,Fernando,Remes,2294.14,0,false,remesfernando,Fun!23
84,Ashley,Rivas,5277.82,0,false,rivasashley,Fun!23
85,Adrian,Rocha,5942.49,0,false,rochaadrian,Fun!23
86,Christian,Rodriguez,1922.59,0,true,rodriguezchristian,Fun!23
87,Sabas,Rojas,5538.03,0,true,rojassabas,Fun!23
88,Edgar,Ruiz,2376.67,0,false,ruizedgar,Fun!23
89,Salvador,Ruiz,4108.1,0,false,ruizsalvador,Fun!23
90,Jorge,Sandoval,1835.11,0,false,sandovaljorge,Fun!23
91,Fernando,Sepulveda,5831.35,0,false,sepulvedafernando,Fun!23
92,William,Staker,3947.95,0,false,stakerwilliam,Fun!23
93,Angel,UrbinaAraiza,2541.15,0,true,urbinaaraizaangel,Fun!23
94,Martin,Vallecillo,3990.14,0,true,vallecillomartin,Fun!23
95,Javier,Vazquez,2413.7,0,false,vazquezjavier,Fun!23
96,Walter,Wawra,4246.8,0,true,wawrawalter,Fun!23
97,Zachary,Wittmann,2366.6,0,true,wittmannzachary,Fun!23
98,Maria,Zuany,4248.77,0,true,zuanymaria,Fun!23
99,Tom,Perez,5598.84,0,false,pereztom,Fun!23
100,Brad,Patel,5673.87,0,false,patelbrad,Fun!23
101,Robert,Lyons,2070.46,0,true,lyonsrobert,Fun!23
102,Dana,Williams,5569.46,0,true,williamsdana,Fun!23
103,Brittany,Andrews,2258.99,0,false,andrewsbrittany,Fun!23
104,Sean,Klein,4012.49,0,false,kleinsean,Fun!23
105,Stephanie,Mcdonald,3399.08,0,false,mcdonaldstephanie,Fun!23
106,Daniel,Olson,1587.03,0,false,olsondaniel,Fun!23
107,Christopher,Contreras,5934.16,0,false,contreraschristopher,Fun!23
108,David,Brown,5653.06,0,false,browndavid,Fun!23
109,Patrick,Henderson,4815.21,0,true,hendersonpatrick,Fun!23
110,Erica,Harrison,2382.93,0,false,harrisonerica,Fun!23
111,Katherine,Evans,2232.34,0,false,evanskatherine,Fun!23
112,Robert,Preston,2583.81,0,false,prestonrobert,Fun!23
113,Melissa,Mccormick,4598.3,0,true,mccormickmelissa,Fun!23
114,Austin,Griffin,4490.39,0,true,griffinaustin,Fun!23
115,Michael,Sanchez,1248.87,0,false,sanchezmichael,Fun!23
116,Theresa,Obrien,4517.07,0,false,obrientheresa,Fun!23
117,Chelsea,Gallagher,2223.49,0,false,gallagherchelsea,Fun!23
118,Crystal,Hudson,2166.74,0,false,hudsoncrystal,Fun!23
119,Travis,Mcdonald,4731.49,0,false,mcdonaldtravis,Fun!23
120,Logan,Palmer,4907.99,0,true,palmerlogan,Fun!23
121,Renee,Bradley,1167.48,0,true,bradleyrenee,Fun!23
122,Michele,Stevens,3646.51,0,false,stevensmichele,Fun!23
123,Kirsten,Robinson,2118,0,false,robinsonkirsten,Fun!23
124,Douglas,Rodriguez,2268.2,0,true,rodriguezdouglas,Fun!23
125,Christopher,Norris,3301.65,0,true,norrischristopher,Fun!23
126,Crystal,Walker,4993.78,0,true,walkercrystal,Fun!23
127,Sean,Roberts,5198,0,true,robertssean,Fun!23
128,Brittany,Hawkins,3500.52,0,false,hawkinsbrittany,Fun!23
129,Beverly,Johnson,1209.89,0,false,johnsonbeverly,Fun!23
130,Stephen,Ellis,2345.09,0,false,ellisstephen,Fun!23
131,James,King,3976.04,0,false,kingjames,Fun!23
132,Pamela,Carter,4787.7,0,false,carterpamela,Fun!23
133,Brian,Andrews,2921.79,0,false,andrewsbrian,Fun!23
134,Megan,Noble,5346.4,0,false,noblemegan,Fun!23
135,Monica,Davenport,5020,0,true,davenportmonica,Fun!23
136,Michelle,Holland,2407.96,0,false,hollandmichelle,Fun!23
137,Kyle,Hodges,2484.62,0,true,hodgeskyle,Fun!23
138,Paula,Wyatt,4267.71,0,false,wyattpaula,Fun!23
139,Shane,Miller,5790.6,0,false,millershane,Fun!23
140,Kimberly,Kline,1442.15,0,true,klinekimberly,Fun!23
141,Hannah,Arias,1808.45,0,true,ariashannah,Fun!23
142,Daniel,Hampton,5067.56,0,false,hamptondaniel,Fun!23
143,Jerry,Curtis,3167.09,0,false,curtisjerry,Fun!23
144,Jeffrey,Weiss,3576.22,0,false,weissjeffrey,Fun!23
145,Ronald,Parker,3342.51,0,false,parkerronald,Fun!23
146,Christopher,Coleman,4575.76,0,true,colemanchristopher,Fun!23
147,Thomas,Clark,2067.21,0,false,clarkthomas,Fun!23
148,Ashley,Romero,3315.86,0,false,romeroashley,Fun!23
149,Gail,Parker,4924.51,0,false,parkergail,Fun!23
150,Sean,Medina,3936.27,0,false,medinasean,Fun!23
151,Edward,Hernandez,5067.9,0,false,hernandezedward,Fun!23
152,Todd,Brooks,1487.04,0,true,brookstodd,Fun!23
153,Richard,Torres,3782.49,0,false,torresrichard,Fun!23
154,David,Gardner,3161.37,0,true,gardnerdavid,Fun!23
155,Rachel,Vasquez,4108.54,0,false,vasquezrachel,Fun!23
156,Ashley,Evans,1088.21,0,false,evansashley,Fun!23
157,Nancy,Morgan,2805.67,0,true,morgannancy,Fun!23
158,Richard,Vargas,3516.18,0,true,vargasrichard,Fun!23
159,Derrick,Grant,4785.51,0,true,grantderrick,Fun!23
160,Victoria,Martin,4339.76,0,true,martinvictoria,Fun!23
161,Marissa,Wagner,4744.95,0,false,wagnermarissa,Fun!23
162,Stephanie,Harris,5336.88,0,false,harrisstephanie,Fun!23
163,Richard,Blackwell,3062.64,0,true,blackwellrichard,Fun!23
164,Dylan,Harris,4850.87,0,true,harrisdylan,Fun!23
165,Philip,Zamora,4192,0,false,zamoraphilip,Fun!23
166,Melanie,Kirk,4979.13,0,true,kirkmelanie,Fun!23
167,Michael,Moran,4020.57,0,true,moranmichael,Fun!23
168,Jason,Burke,5453.29,0,true,burkejason,Fun!23
169,Susan,Hill,2398.58,0,false,hillsusan,Fun!23
170,Lauren,Neal,3837.55,0,false,neallauren,Fun!23
171,Jennifer,Williams,2316.73,0,false,williamsjennifer,Fun!23
172,Haley,Moss,5753.87,0,true,mosshaley,Fun!23
173,Justin,Wilson,967.99,0,false,wilsonjustin,Fun!23
174,Craig,Espinoza,4678.27,0,false,espinozacraig,Fun!23
175,Julie,Alexander,3727.84,0,true,alexanderjulie,Fun!23
176,Anthony,Sanchez,808.69,0,true,sanchezanthony,Fun!23
177,Thomas,King,5128.97,0,false,kingthomas,Fun!23
178,Christina,Walker,3664.84,0,false,walkerchristina,Fun!23
179,Linda,Bennett,1287.98,0,false,bennettlinda,Fun!23
180,Karla,Johnson,4395.47,0,true,johnsonkarla,Fun!23
181,Jill,Henderson,2345.24,0,false,hendersonjill,Fun!23
182,Sandra,Rogers,879.07,0,true,rogerssandra,Fun!23
183,Samuel,Harrington,2197.89,0,false,harringtonsamuel,Fun!23
184,Andrew,Garcia,2396.04,0,true,garciaandrew,Fun!23
185,James,Pittman,974.9,0,false,pittmanjames,Fun!23
186,Shannon,Holden,2931.35,0,true,holdenshannon,Fun!23
187,Renee,Zimmerman,3168.17,0,true,zimmermanrenee,Fun!23
188,Richard,Brown,955.83,0,true,brownrichard,Fun!23
189,Michael,Smith,2723.59,0,true,smithmichael,Fun!23
190,Nathan,Coleman,2727.37,0,false,colemannathan,Fun!23
191,Kimberly,Richardson,5074.79,0,true,richardsonkimberly,Fun!23
192,Emily,Richardson,1321.67,0,true,richardsonemily,Fun!23
193,Michael,White,1848.98,0,false,whitemichael,Fun!23
194,Cody,Scott,5745.78,0,true,scottcody,Fun!23
195,Jeremy,Alvarez,4137.55,0,false,alvarezjeremy,Fun!23
196,Keith,Ortiz,5518.45,0,true,ortizkeith,Fun!23
197,Mark,Ramos,3560.92,0,false,ramosmark,Fun!23
198,Eric,Vazquez,1544.8,0,true,vazquezeric,Fun!23
199,James,Hammond,2311.81,0,false,hammondjames,Fun!23
200,Michelle,Maldonado,3582.18,0,true,maldonadomichelle,Fun!23
201,Jeremy,Morris,2068.08,0,false,morrisjeremy,Fun!23
202,Olivia,Romero,2059,0,false,romeroolivia,Fun!23
203,Nicholas,Anderson,4737.83,0,false,andersonnicholas,Fun!23
204,Kim,Buckley,1805.46,0,false,buckleykim,Fun!23
205,Nicole,Rowland,4897.24,0,true,rowlandnicole,Fun!23
206,Samantha,Howell,1225.15,0,true,howellsamantha,Fun!23
207,Jerry,Lee,5637.68,0,true,leejerry,Fun!23
208,James,Nolan,3248.33,0,false,nolanjames,Fun!23
209,Sharon,Miller,2985.05,0,false,millersharon,Fun!23
210,Andrew,Parks,1850.78,0,false,parksandrew,Fun!23
211,Ethan,Holmes,2227.38,0,false,holmesethan,Fun!23
212,Mark,Lozano,1245.66,0,false,lozanomark,Fun!23
213,Molly,Cohen,2863.67,0,true,cohenmolly,Fun!23
214,Zachary,Ellison,812.09,0,true,ellisonzachary,Fun!23
215,Donna,Allen,3589.12,0,true,allendonna,Fun!23
216,Amanda,Miller,1074.77,0,true,milleramanda,Fun!23
217,Shirley,Foster,2512.44,0,false,fostershirley,Fun!23
218,Jeffrey,Delgado,3310.93,0,true,delgadojeffrey,Fun!23
219,Brian,Jensen,2291.81,0,true,jensenbrian,Fun!23
220,Sheila,Lewis,5755.66,0,true,lewissheila,Fun!23
221,Lee,Burke,1966.3,0,true,burkelee,Fun!23
222,Susan,Alvarez,1712.43,0,true,alvarezsusan,Fun!23
223,Bridget,Wagner,5495.09,0,false,wagnerbridget,Fun!23
224,Virginia,Phelps,4744.06,0,false,phelpsvirginia,Fun!23
225,Chase,Miller,890.59,0,false,millerchase,Fun!23
226,Timothy,Romero,1030.56,0,true,romerotimothy,Fun!23
227,Cesar,Jones,2410.38,0,true,jonescesar,Fun!23
228,Kathryn,Perez,3746.59,0,true,perezkathryn,Fun!23
229,Lisa,Garrett,899.49,0,true,garrettlisa,Fun!23
230,Mark,Lee,1081.89,0,false,leemark,Fun!23
231,Kelly,Yu,2913.78,0,false,yukelly,Fun!23
232,Christian,Smith,1478.48,0,false,smithchristian,Fun!23
233,Robert,Park,5742.36,0,false,parkrobert,Fun!23
234,Ariana,Lara,2408.37,0,true,laraariana,Fun!23
235,Roberto,Gutierrez,1241.14,0,false,gutierrezroberto,Fun!23
236,Maria,Mccarthy,5399.79,0,false,mccarthymaria,Fun!23
237,Brittany,Ray,2962.82,0,false,raybrittany,Fun!23
238,Shannon,Avery,5958.94,0,false,averyshannon,Fun!23
239,Joanna,Trevino,1798.84,0,false,trevinojoanna,Fun!23
240,Paul,Fisher,1608.95,0,true,fisherpaul,Fun!23
241,Alexander,Kelly,1509.97,0,true,kellyalexander,Fun!23
242,Destiny,Ferguson,2357.77,0,true,fergusondestiny,Fun!23
243,Samantha,May,5503.12,0,false,maysamantha,Fun!23
244,Joseph,Lewis,2831.24,0,true,lewisjoseph,Fun!23
245,Andrew,Campos,2709.31,0,false,camposandrew,Fun!23
246,Jesse,Montgomery,1134.13,0,true,montgomeryjesse,Fun!23
247,Anna,Gutierrez,1608.77,0,true,gutierrezanna,Fun!23
248,Joel,Arellano,1697.35,0,true,arellanojoel,Fun!23
249,Kaylee,Patterson,1985.15,0,true,pattersonkaylee,Fun!23
250,James,Henderson,4181.61,0,true,hendersonjames,Fun!23
251,Ashley,Jones,3323.54,0,true,jonesashley,Fun!23
252,Erik,Case,1300.98,0,false,caseerik,Fun!23
253,Dorothy,Cox,2766.66,0,false,coxdorothy,Fun!23
254,Jeffrey,Marquez,5896.32,0,true,marquezjeffrey,Fun!23
255,David,Gross,4312.15,0,true,grossdavid,Fun!23
256,Christopher,Wright,2417.77,0,false,wrightchristopher,Fun!23
257,Jessica,Moore,1006.54,0,true,moorejessica,Fun!23
258,Alejandra,Morris,2793.31,0,true,morrisalejandra,Fun!23
259,Darin,Porter,5079.29,0,true,porterdarin,Fun!23
260,Alexis,Ford,5982.71,0,true,fordalexis,Fun!23
261,Barbara,Robertson,4203.53,0,true,robertsonbarbara,Fun!23
262,David,Wright,2674.14,0,true,wrightdavid,Fun!23
263,Jessica,Martin,2095.8,0,true,martinjessica,Fun!23
264,Brooke,Padilla,5096.98,0,true,padillabrooke,Fun!23
265,Susan,Humphrey,3499.91,0,false,humphreysusan,Fun!23
266,Robert,Wu,5868.62,0,true,wurobert,Fun!23
267,Karen,Thomas,1582.86,0,true,thomaskaren,Fun!23
268,Chris,Holden,4985.82,0,false,holdenchris,Fun!23
269,Matthew,Erickson,3175.78,0,true,ericksonmatthew,Fun!23
270,Leroy,Walters,2151.39,0,true,waltersleroy,Fun!23
271,Brian,Castillo,4123.91,0,true,castillobrian,Fun!23
272,James,Romero,2952.51,0,false,romerojames,Fun!23
273,Karen,Zhang,5371.15,0,true,zhangkaren,Fun!23
274,David,Thomas,3914.06,0,true,thomasdavid,Fun!23
275,William,Hunter,2770.17,0,true,hunterwilliam,Fun!23
276,Craig,Schaefer,5166.97,0,false,schaefercraig,Fun!23
277,Michelle,Jones,2698.44,0,false,jonesmichelle,Fun!23
278,Angelica,Bruce,954.21,0,true,bruceangelica,Fun!23
279,Susan,Allen,1325.92,0,true,allensusan,Fun!23
280,Tanya,Davis,2954.74,0,false,davistanya,Fun!23
281,Mark,Richards,4455.91,0,true,richardsmark,Fun!23
282,Shannon,Bennett,3090.73,0,true,bennettshannon,Fun!23
283,Robert,Davis,892.57,0,false,davisrobert,Fun!23
284,Allison,Chang,4295,0,true,changallison,Fun!23
285,Michael,Williams,3472.26,0,true,williamsmichael,Fun!23
286,Susan,Garcia,4904,0,false,garciasusan,Fun!23
287,Mario,Walker,1904.44,0,false,walkermario,Fun!23
288,Mary,Church,1887.95,0,false,churchmary,Fun!23
289,Gregory,Sullivan,5977.02,0,false,sullivangregory,Fun!23
290,Lauren,Hall,3685.25,0,false,halllauren,Fun!23
291,Dawn,King,2797.43,0,false,kingdawn,Fun!23
292,Daniel,Romero,3613.02,0,true,romerodaniel,Fun!23
293,Jacqueline,Dunn,2155.33,0,false,dunnjacqueline,Fun!23
294,Chris,King,2377.02,0,false,kingchris,Fun!23
295,Tammy,Martinez,4720.61,0,false,martineztammy,Fun!23
296,Dustin,Oliver,2558.07,0,false,oliverdustin,Fun!23
297,Nicole,Harvey,4841.93,0,false,harveynicole,Fun!23
298,Matthew,Perez,1325.76,0,false,perezmatthew,Fun!23
299,Kristy,Hoover,1515.1,0,false,hooverkristy,Fun!23
300,Mary,Cruz,4747.99,0,true,cruzmary,Fun!23
301,Alexandra,Robinson,2289,0,true,robinsonalexandra,Fun!23
302,Tami,Alexander,1727.28,0,false,alexandertami,Fun!23
303,Susan,Davis,5063.29,0,true,davissusan,Fun!23
304,Jeffrey,Luna,3923.2,0,true,lunajeffrey,Fun!23
305,Adam,Maldonado,3481.81,0,false,maldonadoadam,Fun!23
306,Maria,Mitchell,5078.86,0,true,mitchellmaria,Fun!23
307,Stephen,Villegas,3443.57,0,true,villegasstephen,Fun!23
308,Ryan,Mcconnell,5652.86,0,true,mcconnellryan,Fun!23
309,Theresa,Macias,3532.69,0,false,maciastheresa,Fun!23
310,Lance,Dominguez,5870.44,0,true,dominguezlance,Fun!23
311,Bradley,Rodriguez,2689.09,0,false,rodriguezbradley,Fun!23
312,Gloria,Page,5218.16,0,false,pagegloria,Fun!23
313,Jasmine,Ramirez,2360.4,0,false,ramirezjasmine,Fun!23
314,David,Mills,3238.56,0,true,millsdavid,Fun!23
315,Elizabeth,Kim,4666.61,0,false,kimelizabeth,Fun!23
316,Laura,Smith,5180.88,0,true,smithlaura,Fun!23
317,Amy,Bradley,4828.9,0,true,bradleyamy,Fun!23
318,Denise,Morales,1155.64,0,true,moralesdenise,Fun!23
319,Marissa,Oconnell,1577.74,0,true,oconnellmarissa,Fun!23
320,Gregory,Maxwell,5329.76,0,false,maxwellgregory,Fun!23
321,Jenny,Henry,2913.69,0,false,henryjenny,Fun!23
322,Matthew,Campbell,2552.15,0,false,campbellmatthew,Fun!23
323,Lisa,Gaines,1499.23,0,true,gaineslisa,Fun!23
324,Jonathan,Christian,5189.48,0,false,christianjonathan,Fun!23
325,Brenda,Douglas,1705.02,0,true,douglasbrenda,Fun!23
326,Rachel,Phillips,2104.42,0,false,phillipsrachel,Fun!23
327,Jade,Crawford,1676.54,0,true,crawfordjade,Fun!23
328,Brian,Jacobson,4479.04,0,false,jacobsonbrian,Fun!23
329,Francisco,Moore,1916.39,0,true,moorefrancisco,Fun!23
330,Kathleen,Small,5227.86,0,true,smallkathleen,Fun!23
331,Lindsay,Webster,2417.99,0,false,websterlindsay,Fun!23
332,Michelle,Ortiz,5160.87,0,true,ortizmichelle,Fun!23
333,Cheryl,Wilson,5269.88,0,false,wilsoncheryl,Fun!23
334,Melissa,Rivera,4950.29,0,false,riveramelissa,Fun!23
335,Bryan,Hardy,3965.44,0,false,hardybryan,Fun!23
336,Jason,Wolfe,4403.9,0,true,wolfejason,Fun!23
337,Stacey,Paul,5132.57,0,false,paulstacey,Fun!23
338,Crystal,Johnson,1747.69,0,false,johnsoncrystal,Fun!23
339,Jordan,Wilson,3298.74,0,true,wilsonjordan,Fun!23
340,Amanda,Shepherd,2148.7,0,true,shepherdamanda,Fun!23
341,Alexander,Cameron,5942.05,0,false,cameronalexander,Fun!23
342,Kevin,Scott,4124.14,0,true,scottkevin,Fun!23
343,Kyle,Taylor,4199.74,0,true,taylorkyle,Fun!23
344,Kimberly,Garcia,3538.07,0,true,garciakimberly,Fun!23
345,Chelsea,Porter,4909.8,0,true,porterchelsea,Fun!23
346,Emma,Armstrong,3681.46,0,false,armstrongemma,Fun!23
347,Courtney,Johnson,1994.11,0,true,johnsoncourtney,Fun!23
348,Ronald,Kent,5690.62,0,false,kentronald,Fun!23
349,Ricky,Thompson,5683.39,0,true,thompsonricky,Fun!23
350,Denise,Williams,4935.77,0,false,williamsdenise,Fun!23
351,Jeffrey,Sloan,1395.24,0,true,sloanjeffrey,Fun!23
352,Brian,Hayes,5214.41,0,false,hayesbrian,Fun!23
353,Patricia,Glenn,4962.1,0,true,glennpatricia,Fun!23
354,Caroline,Torres,4262.23,0,true,torrescaroline,Fun!23
355,Benjamin,Johnson,3148.08,0,false,johnsonbenjamin,Fun!23
356,Christina,Wheeler,1758.84,0,false,wheelerchristina,Fun!23
357,Valerie,Moore,2669.63,0,true,moorevalerie,Fun!23
358,Deborah,Hunt,3984.91,0,false,huntdeborah,Fun!23
359,Sarah,Mosley,1004.75,0,false,mosleysarah,Fun!23
360,Donald,Haynes,3682.95,0,true,haynesdonald,Fun!23
361,Lisa,Brown,4532.52,0,false,brownlisa,Fun!23
362,Kenneth,Smith,5346.5,0,false,smithkenneth,Fun!23
363,Heidi,Barker,2757.59,0,false,barkerheidi,Fun!23
364,William,Wolf,4643.54,0,true,wolfwilliam,Fun!23
365,Elizabeth,Cordova,5756.47,0,true,cordovaelizabeth,Fun!23
366,Christopher,Jones,4630.27,0,false,joneschristopher,Fun!23
367,Robert,Wilson,3393.67,0,false,wilsonrobert,Fun!23
368,Amber,Brown,1416.3,0,false,brownamber,Fun!23
369,Antonio,Brooks,4245.57,0,true,brooksantonio,Fun!23
370,Dakota,Bender,5923.59,0,true,benderdakota,Fun!23
371,Kevin,Swanson,3733.52,0,false,swansonkevin,Fun!23
372,Christopher,Dominguez,1161.87,0,false,dominguezchristopher,Fun!23
373,Peggy,Murphy,5339.93,0,true,murphypeggy,Fun!23
374,Edward,Johnson,5625.38,0,true,johnsonedward,Fun!23
375,Misty,Horton,4837.47,0,true,hortonmisty,Fun!23
376,Christopher,Foster,5165.84,0,true,fosterchristopher,Fun!23
377,Carrie,Bennett,3338.72,0,false,bennettcarrie,Fun!23
378,Natasha,Wheeler,2377.07,0,true,wheelernatasha,Fun!23
379,Angel,Joseph,2135.37,0,true,josephangel,Fun!23
380,Daniel,Foster,2426.48,0,true,fosterdaniel,Fun!23
381,Rhonda,Kane,5455.39,0,true,kanerhonda,Fun!23
382,Jeffrey,Gonzalez,3825.07,0,false,gonzalezjeffrey,Fun!23
383,Jeremiah,Williamson,1483.64,0,false,williamsonjeremiah,Fun!23
384,Dean,Smith,5644.58,0,false,smithdean,Fun!23
385,Lisa,Stafford,5873.83,0,false,staffordlisa,Fun!23
386,Travis,Ruiz,5153.73,0,false,ruiztravis,Fun!23
387,Mary,Stevens,5690.28,0,false,stevensmary,Fun!23
388,Shane,Arnold,2508.1,0,false,arnoldshane,Fun!23
389,Teresa,Jacobs,3567.68,0,true,jacobsteresa,Fun!23
390,Joshua,Meadows,5976.96,0,false,meadowsjoshua,Fun!23
391,Thomas,Elliott,3636.78,0,false,elliottthomas,Fun!23
392,Elizabeth,Alvarez,5623.78,0,false,alvarezelizabeth,Fun!23
393,Alicia,Jenkins,3966.98,0,false,jenkinsalicia,Fun!23
394,Jacob,Williams,4856.49,0,false,williamsjacob,Fun!23
395,Michele,Cummings,5523.24,0,false,cummingsmichele,Fun!23
396,Craig,Oconnell,3869.86,0,true,oconnellcraig,Fun!23
397,Joseph,Brooks,2811.82,0,true,brooksjoseph,Fun!23
398,Anthony,Hardin,2746.61,0,false,hardinanthony,Fun!23
399,Norman,Freeman,5682.88,0,true,freemannorman,Fun!23
400,Devin,Diaz,2909.48,0,true,diazdevin,Fun!23
401,Donna,Travis,3006.8,0,true,travisdonna,Fun!23
402,Tanya,Kent,4047.88,0,true,kenttanya,Fun!23
403,Keith,Ellis,5037.4,0,true,elliskeith,Fun!23
404,Anthony,Sims,4247.98,0,true,simsanthony,Fun!23
405,Krystal,Thompson,980.14,0,true,thompsonkrystal,Fun!23
406,Benjamin,Ramirez,5401.73,0,true,ramirezbenjamin,Fun!23
407,Scott,Rose,2134.71,0,true,rosescott,Fun!23
408,Jessica,Fernandez,4692.51,0,true,fernandezjessica,Fun!23
409,Michael,Castillo,2549.53,0,true,castillomichael,Fun!23
410,Ruben,Edwards,1103.28,0,false,edwardsruben,Fun!23
411,Ashley,Wilcox,4388.53,0,false,wilcoxashley,Fun!23
412,Allison,Cross,948.67,0,true,crossallison,Fun!23
413,Anita,Stein,1755.73,0,false,steinanita,Fun!23
414,Sean,Hull,5170.03,0,true,hullsean,Fun!23
415,Ricardo,Rodriguez,2666.32,0,false,rodriguezricardo,Fun!23
416,David,Soto,3264.75,0,false,sotodavid,Fun!23
417,Kayla,Mahoney,2857.08,0,true,mahoneykayla,Fun!23
418,Ray,Huynh,4131.46,0,true,huynhray,Fun!23
419,Terri,Mendez,4101.6,0,false,mendezterri,Fun!23
420,Rachel,Roberson,3315.47,0,false,robersonrachel,Fun!23
421,Zachary,Tran,4814.88,0,true,tranzachary,Fun!23
422,John,White,5113.95,0,true,whitejohn,Fun!23
423,Philip,Collins,3273.08,0,true,collinsphilip,Fun!23
424,Hunter,Moore,4407.03,0,true,moorehunter,Fun!23
425,Nicole,Johnson,3996.27,0,false,johnsonnicole,Fun!23
426,Adam,Bass,4857.2,0,false,bassadam,Fun!23
427,Lisa,Spencer,4196.92,0,false,spencerlisa,Fun!23
428,Justin,Martinez,991.51,0,false,martinezjustin,Fun!23
429,Anthony,Hunter,3002.37,0,false,hunteranthony,Fun!23
430,Doris,Moore,4107.21,0,true,mooredoris,Fun!23
431,Elizabeth,Cruz,4222.52,0,false,cruzelizabeth,Fun!23
432,Randy,Keller,4143.64,0,true,kellerrandy,Fun!23
433,Brandon,Neal,2005.3,0,false,nealbrandon,Fun!23
434,Mark,Lamb,3527.99,0,true,lambmark,Fun!23
435,Tiffany,May,978.78,0,false,maytiffany,Fun!23
436,Krista,Blake,3674.24,0,true,blakekrista,Fun!23
437,John,Morris,1049.67,0,false,morrisjohn,Fun!23
438,Jill,Solis,2886.52,0,false,solisjill,Fun!23
439,Emma,Padilla,3742.35,0,true,padillaemma,Fun!23
440,Becky,Gray,3226.85,0,false,graybecky,Fun!23
441,Rita,Owens,5995.31,0,false,owensrita,Fun!23
442,Kristina,Patrick,1541.92,0,true,patrickkristina,Fun!23
443,Raymond,Woodward,5946.04,0,false,woodwardraymond,Fun!23
444,Rebecca,Brown,5745.28,0,true,brownrebecca,Fun!23
445,Samantha,Thomas,4893.39,0,false,thomassamantha,Fun!23
446,Patrick,Larsen,5817.72,0,false,larsenpatrick,Fun!23
447,Emily,Brady,1830.06,0,true,bradyemily,Fun!23
448,April,Turner,4686.31,0,true,turnerapril,Fun!23
449,Steven,Cabrera,1462.31,0,true,cabrerasteven,Fun!23
450,Michael,Murray,4422.79,0,false,murraymichael,Fun!23
451,Gregory,Carr,5263.24,0,true,carrgregory,Fun!23
452,David,Davila,1455.36,0,true,daviladavid,Fun!23
453,Brandon,Smith,865.38,0,false,smithbrandon,Fun!23
454,Ryan,Wilkins,3497.08,0,false,wilkinsryan,Fun!23
455,Jon,Lopez,1992.53,0,true,lopezjon,Fun!23
456,Jennifer,Copeland,4710.57,0,false,copelandjennifer,Fun!23
457,Alexis,Shea,2994.22,0,false,sheaalexis,Fun!23
458,Gerald,Baker,2208.59,0,true,bakergerald,Fun!23
459,Tara,Rodriguez,1784.04,0,false,rodrigueztara,Fun!23
460,Jerry,Hampton,2726.8,0,true,hamptonjerry,Fun!23
461,Ray,Booth,1238.1,0,false,boothray,Fun!23
462,Michelle,Sexton,3771.93,0,false,sextonmichelle,Fun!23
463,Kayla,Morgan,2088.14,0,true,morgankayla,Fun!23
464,Deborah,Scott,4538.85,0,false,scottdeborah,Fun!23
465,Trevor,Young,1036.88,0,false,youngtrevor,Fun!23
466,Philip,Chaney,5224.5,0,true,chaneyphilip,Fun!23
467,Linda,Alexander,4218.42,0,false,alexanderlinda,Fun!23
468,Jason,Skinner,2348.58,0,false,skinnerjason,Fun!23
469,Anthony,Dalton,3831.32,0,false,daltonanthony,Fun!23
470,Kevin,Larson,1736.58,0,true,larsonkevin,Fun!23
471,Alexandra,Fox,2587.07,0,true,foxalexandra,Fun!23
472,Gary,Miller,3936.02,0,false,millergary,Fun!23
473,Crystal,Rice,5466.96,0,true,ricecrystal,Fun!23
474,George,Wood,2662.49,0,true,woodgeorge,Fun!23
475,Christopher,Raymond,1501.76,0,true,raymondchristopher,Fun!23
476,Wendy,Stanton,5841.56,0,false,stantonwendy,Fun!23
477,Theresa,Hardy,1252.58,0,false,hardytheresa,Fun!23
478,Barbara,Jones,2122.84,0,false,jonesbarbara,Fun!23
479,Alyssa,Reese,4979.49,0,true,reesealyssa,Fun!23
480,Eric,Ramos,3750.79,0,true,ramoseric,Fun!23
481,Brian,Lopez,4767.48,0,true,lopezbrian,Fun!23
482,Angela,Mcintyre,2819.93,0,true,mcintyreangela,Fun!23
483,Doris,Mercado,1546.69,0,true,mercadodoris,Fun!23
484,Terri,Strickland,4947.66,0,true,stricklandterri,Fun!23
485,Amy,Rodriguez,3326.99,0,false,rodriguezamy,Fun!23
486,Thomas,Bonilla,872.48,0,false,bonillathomas,Fun!23
487,Wesley,Lambert,1257.62,0,false,lambertwesley,Fun!23
488,Kelly,Bell,866.84,0,false,bellkelly,Fun!23
489,Michelle,Wood,2515.29,0,true,woodmichelle,Fun!23
490,Derek,Irwin,2128.4,0,true,irwinderek,Fun!23
491,Brandi,Gordon,807.09,0,true,gordonbrandi,Fun!23
492,Julian,Gutierrez,4398.68,0,false,gutierrezjulian,Fun!23
493,Samantha,Cooper,5210.7,0,false,coopersamantha,Fun!23
494,Kevin,Gould,2720.11,0,false,gouldkevin,Fun!23
495,Michael,Fox,5481.41,0,false,foxmichael,Fun!23
496,Steven,Owens,991.25,0,false,owenssteven,Fun!23
497,Amber,Sellers,1896.16,0,false,sellersamber,Fun!23
498,Jose,Evans,4745.81,0,true,evansjose,Fun!23
499,Jessica,Anderson,1434.46,0,false,andersonjessica,Fun!23
500,Joe,Cochran,4603.97,0,false,cochranjoe,Fun!23
501,Michael,Robinson,4236.24,0,false,robinsonmichael,Fun!23
502,Matthew,Porter,1510.58,0,false,portermatthew,Fun!23
503,Angel,Barber,1003.37,0,true,barberangel,Fun!23
504,Darlene,Shaw,4093.4,0,false,shawdarlene,Fun!23
505,Gabriel,Hansen,3896.99,0,false,hansengabriel,Fun!23
506,Brittany,Nielsen,3692.74,0,false,nielsenbrittany,Fun!23
507,Jessica,Frye,1570.41,0,false,fryejessica,Fun!23
508,Bruce,Clark,4931.26,0,true,clarkbruce,Fun!23
509,Justin,Davis,3007.71,0,false,davisjustin,Fun!23
510,Louis,Boone,1519.03,0,true,boonelouis,Fun!23
511,Amy,Mcpherson,902.06,0,false,mcphersonamy,Fun!23
512,Debra,Blackwell,1629.22,0,true,blackwelldebra,Fun!23
513,Angela,Lang,1606.48,0,true,langangela,Fun!23
514,Danielle,Dorsey,3007.85,0,false,dorseydanielle,Fun!23
515,Hannah,Maldonado,3739.99,0,false,maldonadohannah,Fun!23
516,Michaela,Miranda,2858.76,0,false,mirandamichaela,Fun!23
517,Tami,Weaver,1847.04,0,true,weavertami,Fun!23
518,Edward,Jackson,975.08,0,false,jacksonedward,Fun!23
519,Steven,Hernandez,2681.15,0,false,hernandezsteven,Fun!23
520,Mary,Chapman,5999.21,0,false,chapmanmary,Fun!23
521,Colleen,Torres,4963.72,0,false,torrescolleen,Fun!23
522,Jennifer,Mills,5417.88,0,true,millsjennifer,Fun!23
523,Wendy,Campos,4444.85,0,false,camposwendy,Fun!23
524,Bobby,Bennett,2487.34,0,false,bennettbobby,Fun!23
525,Michael,Adams,2037.47,0,false,adamsmichael,Fun!23
526,Jamie,Conner,1361.19,0,false,connerjamie,Fun!23
527,Christopher,Sanford,1985.83,0,false,sanfordchristopher,Fun!23
528,Margaret,Smith,814.08,0,true,smithmargaret,Fun!23
529,Michael,Morton,3640.71,0,false,mortonmichael,Fun!23
530,Noah,Horne,3299.66,0,true,hornenoah,Fun!23
531,Kim,Contreras,3395.13,0,false,contreraskim,Fun!23
532,Tiffany,Davis,4799.24,0,false,davistiffany,Fun!23
533,Victoria,Moses,5463.43,0,false,mosesvictoria,Fun!23
534,Robin,Watson,2571.96,0,false,watsonrobin,Fun!23
535,Christopher,Melendez,1513.19,0,true,melendezchristopher,Fun!23
536,Nancy,Robles,2812.4,0,false,roblesnancy,Fun!23
537,Kaylee,Hale,3068.71,0,false,halekaylee,Fun!23
538,Ryan,Brown,2952.66,0,true,brownryan,Fun!23
539,Grace,Kelley,4249.97,0,false,kelleygrace,Fun!23
540,Alexander,Carter,3790.93,0,false,carteralexander,Fun!23
541,Dennis,Reynolds,4487.95,0,false,reynoldsdennis,Fun!23
542,Jenna,Chase,5111.17,0,false,chasejenna,Fun!23
543,Michelle,Pruitt,5924.86,0,true,pruittmichelle,Fun!23
544,Sherri,Velasquez,4037.54,0,false,velasquezsherri,Fun!23
545,Darlene,Russell,2198.42,0,true,russelldarlene,Fun!23
546,Jessica,Olsen,1582.84,0,true,olsenjessica,Fun!23
547,Lisa,Robinson,2205.17,0,true,robinsonlisa,Fun!23
548,Michael,Martinez,1763.79,0,false,martinezmichael,Fun!23
549,Richard,Edwards,4798.2,0,false,edwardsrichard,Fun!23
550,Amy,Chase,923.11,0,true,chaseamy,Fun!23
551,Amanda,Vang,5188.1,0,false,vangamanda,Fun!23
552,Angela,Walker,4782.62,0,true,walkerangela,Fun!23
553,Kylie,Summers,1636.54,0,false,summerskylie,Fun!23
554,Brandy,Valenzuela,2183.27,0,false,valenzuelabrandy,Fun!23
555,Courtney,Tran,3438.98,0,true,trancourtney,Fun!23
556,Ryan,Bowman,4743.52,0,true,bowmanryan,Fun!23
557,Kathleen,Hines,1364.06,0,false,hineskathleen,Fun!23
558,Ryan,Sullivan,2353.21,0,true,sullivanryan,Fun!23
559,Kimberly,Johnson,5896,0,false,johnsonkimberly,Fun!23
560,Kelly,Harris,2927.96,0,false,harriskelly,Fun!23
561,William,Evans,3107.65,0,false,evanswilliam,Fun!23
562,Dakota,Harper,1145.85,0,false,harperdakota,Fun!23
563,Martha,Perry,3557.81,0,true,perrymartha,Fun!23
564,Brittany,Weaver,3980.61,0,true,weaverbrittany,Fun!23
565,Rodney,Berg,2598.82,0,false,bergrodney,Fun!23
566,Heidi,Page,2800.61,0,true,pageheidi,Fun!23
567,Bobby,Gonzales,3745.33,0,false,gonzalesbobby,Fun!23
568,Jake,Mitchell,3581.29,0,true,mitchelljake,Fun!23
569,Gerald,Beltran,4592.51,0,false,beltrangerald,Fun!23
570,Joel,Welch,2982.88,0,true,welchjoel,Fun!23
571,Diana,Matthews,986.33,0,true,matthewsdiana,Fun!23
572,Christopher,Johnson,1592.14,0,false,johnsonchristopher,Fun!23
573,Ricky,Gardner,3368.55,0,false,gardnerricky,Fun!23
574,Corey,Wilson,5736.96,0,true,wilsoncorey,Fun!23
575,Barbara,Lane,4917.4,0,false,lanebarbara,Fun!23
576,Dylan,Lopez,2791.94,0,true,lopezdylan,Fun!23
577,Martin,Edwards,1433.42,0,false,edwardsmartin,Fun!23
578,Misty,Jimenez,2371.03,0,true,jimenezmisty,Fun!23
579,Chris,Jones,3939.62,0,true,joneschris,Fun!23
580,Robert,Leblanc,5454.88,0,false,leblancrobert,Fun!23
581,Brandon,Dillon,4623.87,0,true,dillonbrandon,Fun!23
582,Chad,Clark,2299.66,0,false,clarkchad,Fun!23
583,Danielle,Gardner,3191.07,0,false,gardnerdanielle,Fun!23
584,Bradley,Bell,1210.88,0,false,bellbradley,Fun!23
585,Christopher,Craig,2044.94,0,true,craigchristopher,Fun!23
586,Jamie,Hernandez,2813.88,0,false,hernandezjamie,Fun!23
587,David,Costa,2312.26,0,false,costadavid,Fun!23
588,Theresa,Clark,4848.56,0,true,clarktheresa,Fun!23
589,Cassandra,Cook,4260.69,0,false,cookcassandra,Fun!23
590,Dana,Jones,3686.22,0,false,jonesdana,Fun!23
591,Phillip,Brown,5506.44,0,true,brownphillip,Fun!23
592,Andrew,Torres,1741.48,0,true,torresandrew,Fun!23
593,Sheri,Adams,4088.36,0,false,adamssheri,Fun!23
594,Heather,Little,3353.24,0,true,littleheather,Fun!23
595,James,Morgan,3873.96,0,false,morganjames,Fun!23
596,Cynthia,Powell,2857.73,0,false,powellcynthia,Fun!23
597,Joseph,Macdonald,3508.54,0,true,macdonaldjoseph,Fun!23
598,Jeff,Ray,5653.49,0,false,rayjeff,Fun!23
599,Michelle,Ramirez,6000.58,0,true,ramirezmichelle,Fun!23
600,Christina,Jones,2844.92,0,false,joneschristina,Fun!23
601,Alyssa,Smith,5345.25,0,true,smithalyssa,Fun!23
602,Anthony,Brooks,3435.45,0,true,brooksanthony,Fun!23
603,Anthony,Barber,2766.6,0,true,barberanthony,Fun!23
604,James,Brennan,3101.77,0,true,brennanjames,Fun!23
605,Heather,Robbins,1772.1,0,false,robbinsheather,Fun!23
606,Sarah,Anderson,4881.82,0,true,andersonsarah,Fun!23
607,Darin,Baker,1735.91,0,false,bakerdarin,Fun!23
608,Jennifer,Smith,1406.76,0,true,smithjennifer,Fun!23
609,David,Harvey,2064.35,0,false,harveydavid,Fun!23
610,Shannon,White,2862.93,0,true,whiteshannon,Fun!23
611,Brian,Gates,3052.41,0,false,gatesbrian,Fun!23
612,Victor,Ross,5317.49,0,false,rossvictor,Fun!23
613,Antonio,Edwards,5781.89,0,false,edwardsantonio,Fun!23
614,Lawrence,Price,2728,0,true,pricelawrence,Fun!23
615,Sarah,Cline,4423.57,0,false,clinesarah,Fun!23
616,Linda,Robles,1907.34,0,true,robleslinda,Fun!23
617,Amber,Nguyen,2903.16,0,true,nguyenamber,Fun!23
618,Rick,Parrish,1011.21,0,false,parrishrick,Fun!23
619,Edward,Molina,2609,0,false,molinaedward,Fun!23
620,Darren,Gibbs,4635.81,0,true,gibbsdarren,Fun!23
621,Andrew,Mcclure,4352.54,0,true,mcclureandrew,Fun!23
622,Michael,King,5218,0,true,kingmichael,Fun!23
623,Vanessa,Watson,1859.19,0,true,watsonvanessa,Fun!23
624,Jerry,Smith,800.17,0,false,smithjerry,Fun!23
625,Andrew,Marshall,2018.78,0,false,marshallandrew,Fun!23
626,Janet,Hughes,3960.92,0,false,hughesjanet,Fun!23
627,Tyler,Baxter,1363.06,0,true,baxtertyler,Fun!23
628,Amber,Long,4645.67,0,true,longamber,Fun!23
629,Jared,Perry,2046.98,0,false,perryjared,Fun!23
630,Natalie,Richardson,5409.06,0,false,richardsonnatalie,Fun!23
631,Erika,Lopez,1288.53,0,false,lopezerika,Fun!23
632,Michelle,Walsh,3149.7,0,false,walshmichelle,Fun!23
633,Anthony,Carson,2202.98,0,true,carsonanthony,Fun!23
634,Heather,Cunningham,3527.73,0,true,cunninghamheather,Fun!23
635,Ronald,Bond,4985.77,0,false,bondronald,Fun!23
636,Sherri,Armstrong,3443.59,0,true,armstrongsherri,Fun!23
637,Jacob,Contreras,5195.35,0,true,contrerasjacob,Fun!23
638,Colleen,Sanchez,947.71,0,true,sanchezcolleen,Fun!23
639,Derek,Lopez,3456.75,0,true,lopezderek,Fun!23
640,Kayla,Smith,2921.58,0,false,smithkayla,Fun!23
641,Christopher,Osborne,3052.21,0,true,osbornechristopher,Fun!23
642,Mercedes,Nichols,4946.26,0,true,nicholsmercedes,Fun!23
643,Beth,Sharp,3616.83,0,true,sharpbeth,Fun!23
644,Scott,Bailey,2841.98,0,true,baileyscott,Fun!23
645,Crystal,Young,1070.53,0,true,youngcrystal,Fun!23
646,Allen,Arnold,4736.53,0,true,arnoldallen,Fun!23
647,Donald,Tran,1396.27,0,false,trandonald,Fun!23
648,Christopher,Fields,1068.33,0,true,fieldschristopher,Fun!23
649,Luis,Johnson,5970.58,0,false,johnsonluis,Fun!23
650,Krista,Lambert,2695.1,0,false,lambertkrista,Fun!23
651,Nicholas,Copeland,2787.02,0,false,copelandnicholas,Fun!23
652,Mark,Rogers,2895.56,0,true,rogersmark,Fun!23
653,Jessica,Ramirez,2202.32,0,true,ramirezjessica,Fun!23
654,Matthew,Gonzalez,4385.64,0,false,gonzalezmatthew,Fun!23
655,Rose,Burgess,1870.55,0,true,burgessrose,Fun!23
656,Holly,Schneider,3099.86,0,true,schneiderholly,Fun!23
657,Joanna,Knight,5413.49,0,false,knightjoanna,Fun!23
658,David,Cox,4046.56,0,false,coxdavid,Fun!23
659,Elizabeth,Reyes,2918.14,0,false,reyeselizabeth,Fun!23
660,Melissa,Mcdonald,5372.09,0,false,mcdonaldmelissa,Fun!23
661,James,Anderson,5623.4,0,false,andersonjames,Fun!23
662,Loretta,Phillips,4118.43,0,false,phillipsloretta,Fun!23
663,Gina,Swanson,3334.97,0,false,swansongina,Fun!23
664,Kimberly,Martinez,3301.83,0,false,martinezkimberly,Fun!23
665,Stephanie,Kirby,964.37,0,true,kirbystephanie,Fun!23
666,Teresa,Gardner,1169.33,0,true,gardnerteresa,Fun!23
667,Brandon,Flores,1545.92,0,false,floresbrandon,Fun!23
668,Anthony,Moore,3889.33,0,false,mooreanthony,Fun!23
669,Steven,Hartman,3838.98,0,true,hartmansteven,Fun!23
670,Derek,Macias,3780,0,false,maciasderek,Fun!23
671,Christopher,Robinson,5885.62,0,false,robinsonchristopher,Fun!23
672,Scott,Dunn,5028.77,0,true,dunnscott,Fun!23
673,Lawrence,Henry,3086.28,0,true,henrylawrence,Fun!23
674,Gabriel,Sanders,4880.35,0,false,sandersgabriel,Fun!23
675,Lori,Hall,3694.63,0,true,halllori,Fun!23
676,Brittany,Richard,3945.46,0,false,richardbrittany,Fun!23
677,Sarah,Jones,4951.08,0,false,jonessarah,Fun!23
678,Nicholas,Jackson,1502.34,0,true,jacksonnicholas,Fun!23
679,Julia,Jones,1149.19,0,false,jonesjulia,Fun!23
680,Jennifer,Schultz,1793.89,0,true,schultzjennifer,Fun!23
681,Ashley,Walker,4111.28,0,false,walkerashley,Fun!23
682,Michael,Parrish,5566.44,0,true,parrishmichael,Fun!23
683,Alyssa,Poole,4718.79,0,false,poolealyssa,Fun!23
684,William,Ortiz,4695.48,0,false,ortizwilliam,Fun!23
685,Jason,Clark,2082.62,0,true,clarkjason,Fun!23
686,Jason,Lee,5258.97,0,true,leejason,Fun!23
687,Lisa,Miller,5541.87,0,false,millerlisa,Fun!23
688,Tyrone,Johnston,3140.71,0,true,johnstontyrone,Fun!23
689,Linda,Rodriguez,4863.51,0,true,rodriguezlinda,Fun!23
690,Kenneth,Davis,2162.1,0,false,daviskenneth,Fun!23
691,Sarah,Griffin,1791.59,0,true,griffinsarah,Fun!23
692,Rebecca,Nguyen,2120.67,0,false,nguyenrebecca,Fun!23
693,Anna,Davis,3605.97,0,false,davisanna,Fun!23
694,Cynthia,Giles,3888.84,0,true,gilescynthia,Fun!23
695,Mary,Gonzalez,1023.59,0,false,gonzalezmary,Fun!23
696,Ann,Miller,2778.88,0,false,millerann,Fun!23
697,Jose,Farley,2474.59,0,true,farleyjose,Fun!23
698,Carl,Foley,1934.53,0,false,foleycarl,Fun!23
699,Christine,Ellis,3610.23,0,true,ellischristine,Fun!23
700,John,Blevins,2094.04,0,true,blevinsjohn,Fun!23
701,Travis,Burton,1984.24,0,false,burtontravis,Fun!23
702,Timothy,Bernard,3840.27,0,true,bernardtimothy,Fun!23
703,Christina,Dodson,4183.25,0,true,dodsonchristina,Fun!23
704,Andrew,Atkins,2907.99,0,false,atkinsandrew,Fun!23
705,Jeffrey,Best,5504.52,0,true,bestjeffrey,Fun!23
706,Perry,Hill,3909.28,0,false,hillperry,Fun!23
707,Mary,Lee,4825.78,0,true,leemary,Fun!23
708,Julia,Young,3691.56,0,true,youngjulia,Fun!23
709,John,Blair,5452.98,0,false,blairjohn,Fun!23
710,John,Hill,4034.1,0,false,hilljohn,Fun!23
711,Wesley,Williamson,5474.08,0,false,williamsonwesley,Fun!23
712,Christopher,Davis,5347.85,0,true,davischristopher,Fun!23
713,Leonard,King,1448.03,0,true,kingleonard,Fun!23
714,Gary,Smith,1618,0,true,smithgary,Fun!23
715,Thomas,Sanders,5699.45,0,false,sandersthomas,Fun!23
716,John,Davis,3717.22,0,false,davisjohn,Fun!23
717,Thomas,Hall,4449.53,0,true,hallthomas,Fun!23
718,Douglas,Hernandez,1219.02,0,true,hernandezdouglas,Fun!23
719,Miranda,Mason,1996.06,0,false,masonmiranda,Fun!23
720,Teresa,Stewart,1242.72,0,true,stewartteresa,Fun!23
721,Anthony,Adams,5133.67,0,false,adamsanthony,Fun!23
722,Timothy,Jones,1786.56,0,false,jonestimothy,Fun!23
723,Jermaine,Dean,5381.6,0,false,deanjermaine,Fun!23
724,Joshua,Banks,3955.46,0,true,banksjoshua,Fun!23
725,Daniel,Smith,4656.07,0,false,smithdaniel,Fun!23
726,Victor,Harris,5109.57,0,false,harrisvictor,Fun!23
727,Phillip,Meyer,4463.36,0,false,meyerphillip,Fun!23
728,Cody,Robles,1852.19,0,false,roblescody,Fun!23
729,Carmen,Hays,893.45,0,true,hayscarmen,Fun!23
730,Jorge,Haley,5327.62,0,false,haleyjorge,Fun!23
731,Sean,Hernandez,4820.98,0,true,hernandezsean,Fun!23
732,Kelly,Jordan,5983.3,0,false,jordankelly,Fun!23
733,Joshua,Hickman,3727.18,0,false,hickmanjoshua,Fun!23
734,Jennifer,Guzman,1091.73,0,false,guzmanjennifer,Fun!23
735,Nathan,Thompson,966.55,0,true,thompsonnathan,Fun!23
736,William,Adkins,4200.13,0,true,adkinswilliam,Fun!23
737,Willie,Hobbs,1115.53,0,true,hobbswillie,Fun!23
738,Holly,Cruz,5297.84,0,false,cruzholly,Fun!23
739,John,Jones,2432.06,0,false,jonesjohn,Fun!23
740,Allison,Weaver,4356.94,0,true,weaverallison,Fun!23
741,Michael,Nunez,5264.3,0,false,nunezmichael,Fun!23
742,Douglas,Bryant,3276.18,0,false,bryantdouglas,Fun!23
743,Christopher,Underwood,4768.88,0,false,underwoodchristopher,Fun!23
744,Kimberly,Roberts,3171.32,0,false,robertskimberly,Fun!23
745,Michael,Cowan,4107.31,0,false,cowanmichael,Fun!23
746,Michael,Mccormick,2465.82,0,true,mccormickmichael,Fun!23
747,Jennifer,Bailey,2414.8,0,true,baileyjennifer,Fun!23
748,Jerry,Gamble,2361.55,0,false,gamblejerry,Fun!23
749,Henry,Salazar,2689.7,0,true,salazarhenry,Fun!23
750,Kevin,Boone,1011.55,0,false,boonekevin,Fun!23
751,Rodney,Mcneil,1391.18,0,true,mcneilrodney,Fun!23
752,Angela,Carney,5160.76,0,true,carneyangela,Fun!23
753,Dennis,Smith,1832.66,0,true,smithdennis,Fun!23
754,Jared,Scott,2462.45,0,false,scottjared,Fun!23
755,Monica,Craig,5976.48,0,true,craigmonica,Fun!23
756,Sandy,Blackwell,5703.8,0,false,blackwellsandy,Fun!23
757,Brittney,Daniel,5768.48,0,true,danielbrittney,Fun!23
758,Rebecca,Fisher,2482.22,0,true,fisherrebecca,Fun!23
759,Nicole,Hart,5929.96,0,false,hartnicole,Fun!23
760,Howard,Davenport,1225.85,0,false,davenporthoward,Fun!23
761,Anita,Fletcher,2358.69,0,false,fletcheranita,Fun!23
762,Elizabeth,Torres,2053.01,0,true,torreselizabeth,Fun!23
763,Jeffrey,Rodriguez,5061.27,0,true,rodriguezjeffrey,Fun!23
764,Megan,Smith,1986.35,0,true,smithmegan,Fun!23
765,David,Summers,2048.16,0,true,summersdavid,Fun!23
766,Brian,Rojas,5275.43,0,false,rojasbrian,Fun!23
767,Jennifer,Carr,5030.97,0,false,carrjennifer,Fun!23
768,Tiffany,Jones,3061.83,0,false,jonestiffany,Fun!23
769,Catherine,Mann,5923.81,0,true,manncatherine,Fun!23
770,Sara,Fox,1088.23,0,true,foxsara,Fun!23
771,Jeremy,Foster,5594.02,0,true,fosterjeremy,Fun!23
772,Michael,Flores,4243.45,0,true,floresmichael,Fun!23
773,William,Rice,5372.71,0,true,ricewilliam,Fun!23
774,Rachel,Hart,1687.72,0,false,hartrachel,Fun!23
775,Richard,Sullivan,5587.59,0,false,sullivanrichard,Fun!23
776,Jennifer,Evans,1597.12,0,false,evansjennifer,Fun!23
777,Brandy,Wilkerson,4278.75,0,true,wilkersonbrandy,Fun!23
778,Laurie,Mendoza,1043.82,0,true,mendozalaurie,Fun!23
779,Michelle,Ray,5590.43,0,false,raymichelle,Fun!23
780,Alexis,Black,4629.28,0,true,blackalexis,Fun!23
781,Sean,Smith,2356.8,0,true,smithsean,Fun!23
782,Elizabeth,Dominguez,5446.42,0,false,dominguezelizabeth,Fun!23
783,Lori,Johnson,3385.95,0,true,johnsonlori,Fun!23
784,Bryan,Fields,5470.01,0,true,fieldsbryan,Fun!23
785,Michael,Thomas,3294.42,0,false,thomasmichael,Fun!23
786,Craig,Brown,1433.06,0,true,browncraig,Fun!23
787,Sabrina,Nguyen,4337.1,0,true,nguyensabrina,Fun!23
788,Hayden,Mcdaniel,3071.21,0,true,mcdanielhayden,Fun!23
789,Michelle,Rivera,3072.78,0,false,riveramichelle,Fun!23
790,Alexandra,Simpson,2715.5,0,true,simpsonalexandra,Fun!23
791,Richard,Paul,1099.09,0,true,paulrichard,Fun!23
792,Keith,Christensen,1771.42,0,false,christensenkeith,Fun!23
793,Patrick,Bennett,4321.38,0,true,bennettpatrick,Fun!23
794,Patricia,Mcdonald,2219.09,0,false,mcdonaldpatricia,Fun!23
795,Tracy,Fitzgerald,2669.41,0,true,fitzgeraldtracy,Fun!23
796,Kathy,Smith,5475.06,0,true,smithkathy,Fun!23
797,Teresa,Taylor,1834.42,0,true,taylorteresa,Fun!23
798,Hector,Whitney,2961.98,0,true,whitneyhector,Fun!23
799,Timothy,Johnson,3694.67,0,true,johnsontimothy,Fun!23
800,Alyssa,Kelly,3358.51,0,false,kellyalyssa,Fun!23
801,Colleen,Hall,917.53,0,true,hallcolleen,Fun!23
802,Erin,Jones,1854.32,0,true,joneserin,Fun!23
803,Mark,Stewart,1644.87,0,false,stewartmark,Fun!23
804,Debra,Raymond,4797.73,0,true,raymonddebra,Fun!23
805,Erin,Mejia,4023.28,0,true,mejiaerin,Fun!23
806,Micheal,Sanders,5191.64,0,false,sandersmicheal,Fun!23
807,Stephanie,Obrien,3238.26,0,true,obrienstephanie,Fun!23
808,Holly,Davidson,1304.03,0,true,davidsonholly,Fun!23
809,George,Ayala,1082.94,0,true,ayalageorge,Fun!23
810,Michelle,Oliver,3960.74,0,false,olivermichelle,Fun!23
811,George,Proctor,4984.08,0,false,proctorgeorge,Fun!23
812,Michelle,Griffin,1252.78,0,false,griffinmichelle,Fun!23
813,Michelle,Maynard,3139.78,0,true,maynardmichelle,Fun!23
814,Elizabeth,Castillo,3398.99,0,true,castilloelizabeth,Fun!23
815,Jonathan,Martinez,1453.14,0,true,martinezjonathan,Fun!23
816,Tanya,Johnson,2262.03,0,false,johnsontanya,Fun!23
817,Megan,Thompson,3048.91,0,false,thompsonmegan,Fun!23
818,Emily,Estes,5299.27,0,true,estesemily,Fun!23
819,Melissa,Johnson,2849.74,0,false,johnsonmelissa,Fun!23
820,Casey,Navarro,2861.51,0,false,navarrocasey,Fun!23
821,Shawn,Lee,4553.17,0,false,leeshawn,Fun!23
822,Brandi,Daniel,1542.48,0,true,danielbrandi,Fun!23
823,Jose,Smith,5330.41,0,true,smithjose,Fun!23
824,Alicia,Moran,1654.13,0,false,moranalicia,Fun!23
825,Jennifer,Jones,5389.53,0,false,jonesjennifer,Fun!23
826,Andrew,Norris,2661.07,0,true,norrisandrew,Fun!23
827,Maria,Young,4749.23,0,true,youngmaria,Fun!23
828,Ann,Rogers,3393.68,0,true,rogersann,Fun!23
829,Felicia,Carlson,3329.49,0,false,carlsonfelicia,Fun!23
830,Chad,Green,1182.9,0,true,greenchad,Fun!23
831,Tanya,Turner,4785.98,0,false,turnertanya,Fun!23
832,Joseph,Fritz,5306.95,0,true,fritzjoseph,Fun!23
833,James,Simpson,4773.21,0,true,simpsonjames,Fun!23
834,Ernest,Bentley,4483.99,0,true,bentleyernest,Fun!23
835,Crystal,Hayes,2078.06,0,false,hayescrystal,Fun!23
836,Jessica,Lloyd,4023.89,0,false,lloydjessica,Fun!23
837,Julie,Shaw,5807.56,0,true,shawjulie,Fun!23
838,Mark,Thompson,4593.08,0,false,thompsonmark,Fun!23
839,Michael,Prince,979,0,false,princemichael,Fun!23
840,Craig,Fleming,2442.82,0,false,flemingcraig,Fun!23
841,Michael,Williamson,1213.82,0,false,williamsonmichael,Fun!23
842,Sarah,Stanton,1596.13,0,true,stantonsarah,Fun!23
843,Marcia,Snyder,3059.94,0,false,snydermarcia,Fun!23
844,Gary,Park,4403.68,0,true,parkgary,Fun!23
845,Cynthia,Ellis,2938.39,0,false,elliscynthia,Fun!23
846,Victoria,White,839.14,0,true,whitevictoria,Fun!23
847,Juan,Brock,893.37,0,false,brockjuan,Fun!23
848,Sandra,Newton,3109.36,0,true,newtonsandra,Fun!23
849,Victor,Anderson,2803.18,0,true,andersonvictor,Fun!23
850,Dana,Miller,2877.06,0,true,millerdana,Fun!23
851,Kevin,Tran,3417.98,0,false,trankevin,Fun!23
852,Linda,Miller,1052.28,0,true,millerlinda,Fun!23
853,Jacob,Norton,2339.44,0,false,nortonjacob,Fun!23
854,Joshua,Gomez,3248.31,0,false,gomezjoshua,Fun!23
855,Robin,Wilson,3196.76,0,false,wilsonrobin,Fun!23
856,Amy,Parsons,2077.45,0,false,parsonsamy,Fun!23
857,Philip,Holt,4341.6,0,false,holtphilip,Fun!23
858,Alison,Hicks,3106.67,0,false,hicksalison,Fun!23
859,Alexander,Wilson,5505.79,0,true,wilsonalexander,Fun!23
860,Nicole,Lloyd,1801.4,0,false,lloydnicole,Fun!23
861,Michael,Clarke,2871.82,0,true,clarkemichael,Fun!23
862,Nicholas,Smith,3555.71,0,false,smithnicholas,Fun!23
863,Laurie,Johnson,1203.54,0,true,johnsonlaurie,Fun!23
864,George,Gilbert,5777.15,0,false,gilbertgeorge,Fun!23
865,Kristine,Smith,5008,0,false,smithkristine,Fun!23
866,Kevin,Harrison,1799.41,0,false,harrisonkevin,Fun!23
867,Karl,Davis,1469.61,0,true,daviskarl,Fun!23
868,Lisa,Peters,4687.16,0,false,peterslisa,Fun!23
869,Paul,Harmon,5643.55,0,false,harmonpaul,Fun!23
870,Brandon,Miller,4798.87,0,false,millerbrandon,Fun!23
871,Mark,Gonzalez,3274.5,0,false,gonzalezmark,Fun!23
872,Christopher,Lucero,4978.68,0,true,lucerochristopher,Fun!23
873,Sherry,Mora,877.11,0,false,morasherry,Fun!23
874,Jody,Sanchez,5172.69,0,false,sanchezjody,Fun!23
875,Christian,Ellis,3423.74,0,true,ellischristian,Fun!23
876,Sandra,Sutton,4679.85,0,false,suttonsandra,Fun!23
877,Kenneth,House,3065.16,0,false,housekenneth,Fun!23
878,Wendy,Montoya,4849.11,0,false,montoyawendy,Fun!23
879,Bryan,Wise,3140.71,0,true,wisebryan,Fun!23
880,Joseph,Robinson,1547.49,0,false,robinsonjoseph,Fun!23
881,Mindy,Ross,5834.24,0,true,rossmindy,Fun!23
882,Sonia,Durham,1841.26,0,true,durhamsonia,Fun!23
883,John,House,4929.35,0,true,housejohn,Fun!23
884,Carolyn,Dunn,3292.28,0,true,dunncarolyn,Fun!23
885,Curtis,Phillips,2995.65,0,true,phillipscurtis,Fun!23
886,Kenneth,Boyd,2463.28,0,true,boydkenneth,Fun!23
887,Jennifer,Davidson,1169.71,0,true,davidsonjennifer,Fun!23
888,Brett,Higgins,5273.15,0,false,higginsbrett,Fun!23
889,Brett,Wallace,1800,0,false,wallacebrett,Fun!23
890,Tyrone,Alvarado,2069.1,0,true,alvaradotyrone,Fun!23
891,Christina,Villanueva,4788.42,0,false,villanuevachristina,Fun!23
892,Mark,Washington,4798.23,0,true,washingtonmark,Fun!23
893,Emily,Cole,5266.08,0,true,coleemily,Fun!23
894,Kelly,Herring,5641.79,0,true,herringkelly,Fun!23
895,Joseph,Davis,1311.29,0,true,davisjoseph,Fun!23
896,Stephanie,Williams,3225.22,0,false,williamsstephanie,Fun!23
897,Jorge,Huerta,2334.45,0,false,huertajorge,Fun!23
898,Jesse,Dunn,1040.45,0,false,dunnjesse,Fun!23
899,Lauren,Coleman,2514.32,0,true,colemanlauren,Fun!23
900,Jack,Morgan,5283.52,0,true,morganjack,Fun!23
901,Matthew,Mason,3424.29,0,true,masonmatthew,Fun!23
902,Olivia,Richardson,3031.84,0,false,richardsonolivia,Fun!23
903,Justin,Hawkins,5708.82,0,true,hawkinsjustin,Fun!23
904,Amy,Morse,3253.43,0,false,morseamy,Fun!23
905,Barbara,Love,2422.63,0,false,lovebarbara,Fun!23
906,David,Clark,2338.63,0,false,clarkdavid,Fun!23
907,Danielle,Chavez,2904.87,0,false,chavezdanielle,Fun!23
908,Andre,Ramos,4566.44,0,true,ramosandre,Fun!23
909,Emily,Chang,5023.92,0,true,changemily,Fun!23
910,Penny,Mcdaniel,5650.25,0,false,mcdanielpenny,Fun!23
911,Christina,Carter,4755.4,0,false,carterchristina,Fun!23
912,Jennifer,Huang,1408.86,0,false,huangjennifer,Fun!23
913,Melissa,Evans,3254.94,0,false,evansmelissa,Fun!23
914,Rodney,Moss,5473.95,0,false,mossrodney,Fun!23
915,Anthony,Kramer,3045.59,0,true,krameranthony,Fun!23
916,Carlos,Irwin,933.71,0,true,irwincarlos,Fun!23
917,Victoria,Ellis,2198.3,0,false,ellisvictoria,Fun!23
918,Kelly,Wilson,2888.85,0,true,wilsonkelly,Fun!23
919,Brendan,Phillips,2699.04,0,true,phillipsbrendan,Fun!23
920,Deanna,Cummings,5468.92,0,true,cummingsdeanna,Fun!23
921,Christopher,Ortega,4809.9,0,true,ortegachristopher,Fun!23
922,Amanda,Johnson,2493.19,0,false,johnsonamanda,Fun!23
923,April,Lopez,1630.26,0,true,lopezapril,Fun!23
924,James,Watson,4920.19,0,false,watsonjames,Fun!23
925,Kara,Summers,1754.46,0,true,summerskara,Fun!23
926,Lisa,Jackson,5237.99,0,false,jacksonlisa,Fun!23
927,Steven,Miller,1321.42,0,true,millersteven,Fun!23
928,Donald,Villanueva,5219.15,0,false,villanuevadonald,Fun!23
929,Gary,Mckenzie,1731.65,0,false,mckenziegary,Fun!23
930,Gregory,Short,869.44,0,true,shortgregory,Fun!23
931,Dana,Park,2215.39,0,true,parkdana,Fun!23
932,Matthew,Khan,5631.45,0,true,khanmatthew,Fun!23
933,Erica,Burch,5003.87,0,true,burcherica,Fun!23
934,Dalton,Bryant,3778.98,0,true,bryantdalton,Fun!23
935,Ruth,Ponce,5163.88,0,true,ponceruth,Fun!23
936,Mary,Grant,900.59,0,true,grantmary,Fun!23
937,Sarah,Taylor,4057.56,0,false,taylorsarah,Fun!23
938,Jennifer,Schneider,989.27,0,true,schneiderjennifer,Fun!23
939,Tyler,Evans,5681.66,0,false,evanstyler,Fun!23
940,David,Hayes,1000.39,0,false,hayesdavid,Fun!23
941,Kimberly,Miller,3383.52,0,false,millerkimberly,Fun!23
942,Dennis,Cooper,2407.12,0,true,cooperdennis,Fun!23
943,Phillip,Richardson,3885.31,0,false,richardsonphillip,Fun!23
944,Sharon,Gillespie,4274.58,0,false,gillespiesharon,Fun!23
945,Denise,Johnson,4826.73,0,false,johnsondenise,Fun!23
946,Kylie,King,3408.54,0,false,kingkylie,Fun!23
947,Carol,Elliott,4598.55,0,false,elliottcarol,Fun!23
948,Elizabeth,Rodriguez,3114.98,0,true,rodriguezelizabeth,Fun!23
949,Ana,Andrade,955.25,0,true,andradeana,Fun!23
950,Sharon,Castillo,5607.6,0,false,castillosharon,Fun!23
951,Paul,Herman,4265.09,0,true,hermanpaul,Fun!23
952,Amber,Conley,2081.67,0,true,conleyamber,Fun!23
953,Suzanne,Kennedy,1091.04,0,false,kennedysuzanne,Fun!23
954,Brett,Mathis,4218,0,false,mathisbrett,Fun!23
955,Ashley,Frye,2120.73,0,true,fryeashley,Fun!23
956,Ronald,Martinez,2154.59,0,true,martinezronald,Fun!23
957,Daniel,Summers,3173.25,0,true,summersdaniel,Fun!23
958,Robert,Wang,1121.04,0,true,wangrobert,Fun!23
959,Katherine,Mcdonald,1984.89,0,false,mcdonaldkatherine,Fun!23
960,Mitchell,Gross,4614.08,0,true,grossmitchell,Fun!23
961,Darrell,Jones,5872.8,0,false,jonesdarrell,Fun!23
962,Jennifer,Hernandez,3438.2,0,false,hernandezjennifer,Fun!23
963,Amy,Hall,1218.9,0,true,hallamy,Fun!23
964,Ryan,Washington,4662.95,0,false,washingtonryan,Fun!23
965,Robert,Flores,1586.47,0,true,floresrobert,Fun!23
966,Becky,Simpson,4864.47,0,false,simpsonbecky,Fun!23
967,Alexandra,Cook,3277.89,0,true,cookalexandra,Fun!23
968,Miranda,Walker,3117.08,0,true,walkermiranda,Fun!23
969,Ashley,Morales,1579.87,0,true,moralesashley,Fun!23
970,Vincent,Harrison,2182.12,0,false,harrisonvincent,Fun!23
971,Christopher,Berry,4998.96,0,false,berrychristopher,Fun!23
972,Roger,Casey,3584.42,0,false,caseyroger,Fun!23
973,James,Simmons,3988.85,0,false,simmonsjames,Fun!23
974,Mary,Anderson,2814.99,0,true,andersonmary,Fun!23
975,Andrea,Riley,2931.85,0,true,rileyandrea,Fun!23
976,Krista,Beck,1699.52,0,true,beckkrista,Fun!23
977,Amy,Fuller,1971.13,0,true,fulleramy,Fun!23
978,Jeremy,Rocha,2936.38,0,true,rochajeremy,Fun!23
979,Tammy,Waters,945.35,0,true,waterstammy,Fun!23
980,Douglas,Mckay,1510.33,0,true,mckaydouglas,Fun!23
981,Terrence,Dixon,4723.74,0,true,dixonterrence,Fun!23
982,John,Hansen,4332.57,0,false,hansenjohn,Fun!23
983,Jerry,Rodriguez,2949.23,0,true,rodriguezjerry,Fun!23
984,Donald,Ramirez,3734.53,0,true,ramirezdonald,Fun!23
985,Stephanie,Perry,2469.69,0,false,perrystephanie,Fun!23
986,Samuel,Burton,3438.97,0,true,burtonsamuel,Fun!23
987,Anthony,Byrd,1505.67,0,false,byrdanthony,Fun!23
988,Marissa,Henry,2046.81,0,false,henrymarissa,Fun!23
989,Mariah,Black,3395.93,0,false,blackmariah,Fun!23
990,Sara,West,1294.84,0,false,westsara,Fun!23
991,Jennifer,Preston,3353.57,0,true,prestonjennifer,Fun!23
992,Monica,Sullivan,2935.14,0,false,sullivanmonica,Fun!23
993,Luis,Solomon,1933,0,false,solomonluis,Fun!23
994,Michael,Johnson,2076.72,0,true,johnsonmichael,Fun!23
995,Stacy,Maldonado,5999.82,0,false,maldonadostacy,Fun!23
996,Carmen,Petersen,3216.32,0,false,petersencarmen,Fun!23
997,Zachary,Campbell,1607.72,0,true,campbellzachary,Fun!23
998,Timothy,Greene,991.54,0,true,greenetimothy,Fun!23
999,Emily,Jackson,5328.43,0,false,jacksonemily,Fun!23
1000,Paul,Salas,5599.29,0,false,salaspaul,Fun!23
1001,Danielle,Conrad,3843.61,0,true,conraddanielle,Fun!23
1002,Robert,Kennedy,4166.35,0,false,kennedyrobert,Fun!23
1003,Diana,Rivera,1511.39,0,true,riveradiana,Fun!23
1004,Shawn,Santos,5212.7,0,true,santosshawn,Fun!23
1005,Jamie,Brown,5934.47,0,false,brownjamie,Fun!23
1006,Elizabeth,Medina,5343.89,0,false,medinaelizabeth,Fun!23
1007,Kimberly,Mejia,1289.75,0,true,mejiakimberly,Fun!23
1008,Lori,Livingston,1830.38,0,false,livingstonlori,Fun!23
1009,Ryan,Peterson,3079.15,0,false,petersonryan,Fun!23
1010,Andrew,Hall,4312.07,0,true,hallandrew,Fun!23
1011,David,Johnson,3550.13,0,false,johnsondavid,Fun!23
1012,Joseph,Hanna,3195.12,0,true,hannajoseph,Fun!23
1013,Tammy,Thomas,2753.34,0,false,thomastammy,Fun!23
1014,Elizabeth,Jackson,4540.48,0,false,jacksonelizabeth,Fun!23
1015,Melissa,Holt,3577.96,0,false,holtmelissa,Fun!23
1016,Laura,Williams,2789.19,0,true,williamslaura,Fun!23
1017,Courtney,Olsen,2404.18,0,false,olsencourtney,Fun!23
1018,Beth,Moss,4525.52,0,false,mossbeth,Fun!23
1019,Charles,Chambers,3288.59,0,true,chamberscharles,Fun!23
1020,Mikayla,Dennis,2971.16,0,true,dennismikayla,Fun!23
1021,Carlos,Lynch,1875.71,0,false,lynchcarlos,Fun!23
1022,Austin,Lewis,3605.21,0,false,lewisaustin,Fun!23
1023,Patricia,Hughes,1343.7,0,true,hughespatricia,Fun!23
1024,John,Sanders,1824.69,0,true,sandersjohn,Fun!23
1025,Kim,Craig,3759.44,0,false,craigkim,Fun!23
1026,James,Mitchell,3762.1,0,true,mitchelljames,Fun!23
1027,Thomas,Stevenson,4381.97,0,true,stevensonthomas,Fun!23
1028,Tonya,Elliott,1046.09,0,false,elliotttonya,Fun!23
1029,Mark,Butler,3348.09,0,true,butlermark,Fun!23
1030,Bryan,Massey,2829.16,0,true,masseybryan,Fun!23
1031,Lisa,Yu,1422.66,0,true,yulisa,Fun!23
1032,Kristen,Martinez,5688.07,0,false,martinezkristen,Fun!23
1033,Maria,Kelly,854.3,0,true,kellymaria,Fun!23
1034,Timothy,Wagner,1579.03,0,true,wagnertimothy,Fun!23
1035,Erin,Barton,3678.3,0,true,bartonerin,Fun!23
1036,Stephen,Peters,3997.32,0,false,petersstephen,Fun!23
1037,Jessica,Smith,2288.69,0,true,smithjessica,Fun!23
1038,Vanessa,Carson,2576.36,0,false,carsonvanessa,Fun!23
1039,Wendy,Phillips,885.76,0,false,phillipswendy,Fun!23
1040,Kimberly,Harris,938.88,0,false,harriskimberly,Fun!23
1041,Angela,English,992.82,0,false,englishangela,Fun!23
1042,Taylor,Johnson,2194.94,0,true,johnsontaylor,Fun!23
1043,Brooke,Maxwell,4547.83,0,true,maxwellbrooke,Fun!23
1044,Shelly,Jones,4051.01,0,false,jonesshelly,Fun!23
1045,Cory,Byrd,5142.96,0,false,byrdcory,Fun!23
1046,Amanda,Baker,800.78,0,true,bakeramanda,Fun!23
1047,Kendra,Sawyer,2944.12,0,false,sawyerkendra,Fun!23